{"cameraMode":{"drawMode":0,"name":"Shaded","section":"Shading Mode"},"sceneLighting":false,"audioPlay":false,"sceneViewState":{"showFog":true,"showMaterialUpdate":false,"showSkybox":true,"showFlares":true,"showImageEffects":true,"showParticleSystems":true,"showVisualEffectGraphs":true,"m_FxEnabled":true},"in2DMode":false,"pivot":{"x":-32.78825759887695,"y":-1.1161552667617798,"z":142.8692626953125},"rotation":{"x":-0.18670083582401277,"y":-0.010772822424769402,"z":0.0020353486761450769,"w":-0.9823419451713562},"size":3.3373348712921144,"orthographic":false}